[{"model": "admin.logentry", "pk": 1, "fields": {"action_time": "2021-07-21T05:43:55.922Z", "user": 1, "content_type": 12, "object_id": "1", "object_repr": "We are opened for you", "action_flag": 1, "change_message": "[{\"added\": {}}]"}}, {"model": "admin.logentry", "pk": 2, "fields": {"action_time": "2021-07-30T14:12:31.976Z", "user": 1, "content_type": 12, "object_id": "2", "object_repr": "Todo list", "action_flag": 1, "change_message": "[{\"added\": {}}]"}}, {"model": "admin.logentry", "pk": 3, "fields": {"action_time": "2021-07-30T15:42:24.339Z", "user": 1, "content_type": 12, "object_id": "3", "object_repr": "We are selling our car", "action_flag": 1, "change_message": "[{\"added\": {}}]"}}, {"model": "admin.logentry", "pk": 4, "fields": {"action_time": "2021-07-30T15:43:18.117Z", "user": 1, "content_type": 12, "object_id": "3", "object_repr": "We are selling our car", "action_flag": 2, "change_message": "[{\"changed\": {\"fields\": [\"Preview picture\"]}}]"}}, {"model": "admin.logentry", "pk": 5, "fields": {"action_time": "2021-07-30T15:48:57.320Z", "user": 1, "content_type": 12, "object_id": "3", "object_repr": "Car for sale", "action_flag": 2, "change_message": "[{\"changed\": {\"fields\": [\"Name\"]}}]"}}, {"model": "admin.logentry", "pk": 6, "fields": {"action_time": "2024-11-03T12:59:15.420Z", "user": 1, "content_type": 4, "object_id": "18", "object_repr": "Alex1", "action_flag": 3, "change_message": ""}}, {"model": "admin.logentry", "pk": 7, "fields": {"action_time": "2024-11-03T12:59:15.503Z", "user": 1, "content_type": 4, "object_id": "15", "object_repr": "Figura", "action_flag": 3, "change_message": ""}}, {"model": "admin.logentry", "pk": 8, "fields": {"action_time": "2024-11-03T12:59:15.554Z", "user": 1, "content_type": 4, "object_id": "5", "object_repr": "RegisterPlease", "action_flag": 3, "change_message": ""}}, {"model": "admin.logentry", "pk": 9, "fields": {"action_time": "2024-11-03T12:59:15.620Z", "user": 1, "content_type": 4, "object_id": "16", "object_repr": "SuperUser", "action_flag": 3, "change_message": ""}}, {"model": "admin.logentry", "pk": 10, "fields": {"action_time": "2024-11-03T12:59:15.687Z", "user": 1, "content_type": 4, "object_id": "4", "object_repr": "Ubuntu", "action_flag": 3, "change_message": ""}}, {"model": "admin.logentry", "pk": 11, "fields": {"action_time": "2024-11-03T12:59:15.772Z", "user": 1, "content_type": 4, "object_id": "3", "object_repr": "WellKnown", "action_flag": 3, "change_message": ""}}, {"model": "admin.logentry", "pk": 12, "fields": {"action_time": "2024-11-03T12:59:15.872Z", "user": 1, "content_type": 4, "object_id": "17", "object_repr": "a", "action_flag": 3, "change_message": ""}}, {"model": "admin.logentry", "pk": 13, "fields": {"action_time": "2024-11-03T13:06:50.305Z", "user": 1, "content_type": 4, "object_id": "1", "object_repr": "alex", "action_flag": 2, "change_message": "[{\"changed\": {\"fields\": [\"Email address\"]}}]"}}, {"model": "admin.logentry", "pk": 14, "fields": {"action_time": "2024-11-03T13:08:29.029Z", "user": 1, "content_type": 4, "object_id": "8", "object_repr": "Anna", "action_flag": 2, "change_message": "[{\"changed\": {\"fields\": [\"password\"]}}]"}}, {"model": "admin.logentry", "pk": 15, "fields": {"action_time": "2024-11-03T13:09:26.276Z", "user": 1, "content_type": 4, "object_id": "14", "object_repr": "Bob", "action_flag": 2, "change_message": "[{\"changed\": {\"fields\": [\"password\"]}}]"}}, {"model": "admin.logentry", "pk": 16, "fields": {"action_time": "2024-11-03T13:09:35.383Z", "user": 1, "content_type": 4, "object_id": "6", "object_repr": "John", "action_flag": 2, "change_message": "[{\"changed\": {\"fields\": [\"password\"]}}]"}}, {"model": "admin.logentry", "pk": 17, "fields": {"action_time": "2024-11-03T13:09:45.842Z", "user": 1, "content_type": 4, "object_id": "19", "object_repr": "Meditator", "action_flag": 2, "change_message": "[{\"changed\": {\"fields\": [\"password\"]}}]"}}, {"model": "admin.logentry", "pk": 18, "fields": {"action_time": "2024-11-03T13:09:55.392Z", "user": 1, "content_type": 4, "object_id": "12", "object_repr": "Monika", "action_flag": 2, "change_message": "[{\"changed\": {\"fields\": [\"password\"]}}]"}}, {"model": "admin.logentry", "pk": 19, "fields": {"action_time": "2024-11-03T13:10:04.300Z", "user": 1, "content_type": 4, "object_id": "11", "object_repr": "Robo_Gerold", "action_flag": 2, "change_message": "[{\"changed\": {\"fields\": [\"password\"]}}]"}}, {"model": "admin.logentry", "pk": 20, "fields": {"action_time": "2024-11-03T13:10:15.574Z", "user": 1, "content_type": 4, "object_id": "10", "object_repr": "Standard", "action_flag": 2, "change_message": "[{\"changed\": {\"fields\": [\"password\"]}}]"}}, {"model": "admin.logentry", "pk": 21, "fields": {"action_time": "2024-11-03T13:10:24.275Z", "user": 1, "content_type": 4, "object_id": "7", "object_repr": "Volt", "action_flag": 2, "change_message": "[{\"changed\": {\"fields\": [\"password\"]}}]"}}, {"model": "admin.logentry", "pk": 22, "fields": {"action_time": "2024-11-03T13:10:34.108Z", "user": 1, "content_type": 4, "object_id": "9", "object_repr": "hater", "action_flag": 2, "change_message": "[{\"changed\": {\"fields\": [\"password\"]}}]"}}, {"model": "admin.logentry", "pk": 23, "fields": {"action_time": "2024-11-03T13:10:42.227Z", "user": 1, "content_type": 4, "object_id": "2", "object_repr": "somebody", "action_flag": 2, "change_message": "[{\"changed\": {\"fields\": [\"password\"]}}]"}}, {"model": "admin.logentry", "pk": 24, "fields": {"action_time": "2024-11-03T13:10:52.816Z", "user": 1, "content_type": 4, "object_id": "13", "object_repr": "storm+rain", "action_flag": 2, "change_message": "[{\"changed\": {\"fields\": [\"password\"]}}]"}}, {"model": "admin.logentry", "pk": 25, "fields": {"action_time": "2024-11-03T13:11:18.224Z", "user": 1, "content_type": 4, "object_id": "1", "object_repr": "alex", "action_flag": 2, "change_message": "[{\"changed\": {\"fields\": [\"password\"]}}]"}}, {"model": "auth.permission", "pk": 1, "fields": {"name": "Can add log entry", "content_type": 1, "codename": "add_logentry"}}, {"model": "auth.permission", "pk": 2, "fields": {"name": "Can change log entry", "content_type": 1, "codename": "change_logentry"}}, {"model": "auth.permission", "pk": 3, "fields": {"name": "Can delete log entry", "content_type": 1, "codename": "delete_logentry"}}, {"model": "auth.permission", "pk": 4, "fields": {"name": "Can view log entry", "content_type": 1, "codename": "view_logentry"}}, {"model": "auth.permission", "pk": 5, "fields": {"name": "Can add permission", "content_type": 2, "codename": "add_permission"}}, {"model": "auth.permission", "pk": 6, "fields": {"name": "Can change permission", "content_type": 2, "codename": "change_permission"}}, {"model": "auth.permission", "pk": 7, "fields": {"name": "Can delete permission", "content_type": 2, "codename": "delete_permission"}}, {"model": "auth.permission", "pk": 8, "fields": {"name": "Can view permission", "content_type": 2, "codename": "view_permission"}}, {"model": "auth.permission", "pk": 9, "fields": {"name": "Can add group", "content_type": 3, "codename": "add_group"}}, {"model": "auth.permission", "pk": 10, "fields": {"name": "Can change group", "content_type": 3, "codename": "change_group"}}, {"model": "auth.permission", "pk": 11, "fields": {"name": "Can delete group", "content_type": 3, "codename": "delete_group"}}, {"model": "auth.permission", "pk": 12, "fields": {"name": "Can view group", "content_type": 3, "codename": "view_group"}}, {"model": "auth.permission", "pk": 13, "fields": {"name": "Can add user", "content_type": 4, "codename": "add_user"}}, {"model": "auth.permission", "pk": 14, "fields": {"name": "Can change user", "content_type": 4, "codename": "change_user"}}, {"model": "auth.permission", "pk": 15, "fields": {"name": "Can delete user", "content_type": 4, "codename": "delete_user"}}, {"model": "auth.permission", "pk": 16, "fields": {"name": "Can view user", "content_type": 4, "codename": "view_user"}}, {"model": "auth.permission", "pk": 17, "fields": {"name": "Can add content type", "content_type": 5, "codename": "add_contenttype"}}, {"model": "auth.permission", "pk": 18, "fields": {"name": "Can change content type", "content_type": 5, "codename": "change_contenttype"}}, {"model": "auth.permission", "pk": 19, "fields": {"name": "Can delete content type", "content_type": 5, "codename": "delete_contenttype"}}, {"model": "auth.permission", "pk": 20, "fields": {"name": "Can view content type", "content_type": 5, "codename": "view_contenttype"}}, {"model": "auth.permission", "pk": 21, "fields": {"name": "Can add session", "content_type": 6, "codename": "add_session"}}, {"model": "auth.permission", "pk": 22, "fields": {"name": "Can change session", "content_type": 6, "codename": "change_session"}}, {"model": "auth.permission", "pk": 23, "fields": {"name": "Can delete session", "content_type": 6, "codename": "delete_session"}}, {"model": "auth.permission", "pk": 24, "fields": {"name": "Can view session", "content_type": 6, "codename": "view_session"}}, {"model": "auth.permission", "pk": 25, "fields": {"name": "Can add tag", "content_type": 7, "codename": "add_tag"}}, {"model": "auth.permission", "pk": 26, "fields": {"name": "Can change tag", "content_type": 7, "codename": "change_tag"}}, {"model": "auth.permission", "pk": 27, "fields": {"name": "Can delete tag", "content_type": 7, "codename": "delete_tag"}}, {"model": "auth.permission", "pk": 28, "fields": {"name": "Can view tag", "content_type": 7, "codename": "view_tag"}}, {"model": "auth.permission", "pk": 29, "fields": {"name": "Can add tagged item", "content_type": 8, "codename": "add_taggeditem"}}, {"model": "auth.permission", "pk": 30, "fields": {"name": "Can change tagged item", "content_type": 8, "codename": "change_taggeditem"}}, {"model": "auth.permission", "pk": 31, "fields": {"name": "Can delete tagged item", "content_type": 8, "codename": "delete_taggeditem"}}, {"model": "auth.permission", "pk": 32, "fields": {"name": "Can view tagged item", "content_type": 8, "codename": "view_taggeditem"}}, {"model": "auth.permission", "pk": 33, "fields": {"name": "Can add filter query", "content_type": 9, "codename": "add_filterquery"}}, {"model": "auth.permission", "pk": 34, "fields": {"name": "Can change filter query", "content_type": 9, "codename": "change_filterquery"}}, {"model": "auth.permission", "pk": 35, "fields": {"name": "Can delete filter query", "content_type": 9, "codename": "delete_filterquery"}}, {"model": "auth.permission", "pk": 36, "fields": {"name": "Can view filter query", "content_type": 9, "codename": "view_filterquery"}}, {"model": "auth.permission", "pk": 37, "fields": {"name": "Can handle global FilterQueries", "content_type": 9, "codename": "can_handle_global_filterqueries"}}, {"model": "auth.permission", "pk": 38, "fields": {"name": "Can add captcha store", "content_type": 10, "codename": "add_captchastore"}}, {"model": "auth.permission", "pk": 39, "fields": {"name": "Can change captcha store", "content_type": 10, "codename": "change_captchastore"}}, {"model": "auth.permission", "pk": 40, "fields": {"name": "Can delete captcha store", "content_type": 10, "codename": "delete_captchastore"}}, {"model": "auth.permission", "pk": 41, "fields": {"name": "Can view captcha store", "content_type": 10, "codename": "view_captchastore"}}, {"model": "auth.permission", "pk": 42, "fields": {"name": "Can add contact email", "content_type": 11, "codename": "add_contactemail"}}, {"model": "auth.permission", "pk": 43, "fields": {"name": "Can change contact email", "content_type": 11, "codename": "change_contactemail"}}, {"model": "auth.permission", "pk": 44, "fields": {"name": "Can delete contact email", "content_type": 11, "codename": "delete_contactemail"}}, {"model": "auth.permission", "pk": 45, "fields": {"name": "Can view contact email", "content_type": 11, "codename": "view_contactemail"}}, {"model": "auth.permission", "pk": 46, "fields": {"name": "Can add post", "content_type": 12, "codename": "add_post"}}, {"model": "auth.permission", "pk": 47, "fields": {"name": "Can change post", "content_type": 12, "codename": "change_post"}}, {"model": "auth.permission", "pk": 48, "fields": {"name": "Can delete post", "content_type": 12, "codename": "delete_post"}}, {"model": "auth.permission", "pk": 49, "fields": {"name": "Can view post", "content_type": 12, "codename": "view_post"}}, {"model": "auth.permission", "pk": 50, "fields": {"name": "Can add security email message", "content_type": 13, "codename": "add_securityemailmessage"}}, {"model": "auth.permission", "pk": 51, "fields": {"name": "Can change security email message", "content_type": 13, "codename": "change_securityemailmessage"}}, {"model": "auth.permission", "pk": 52, "fields": {"name": "Can delete security email message", "content_type": 13, "codename": "delete_securityemailmessage"}}, {"model": "auth.permission", "pk": 53, "fields": {"name": "Can view security email message", "content_type": 13, "codename": "view_securityemailmessage"}}, {"model": "auth.permission", "pk": 54, "fields": {"name": "Can add comment to post", "content_type": 14, "codename": "add_commenttopost"}}, {"model": "auth.permission", "pk": 55, "fields": {"name": "Can change comment to post", "content_type": 14, "codename": "change_commenttopost"}}, {"model": "auth.permission", "pk": 56, "fields": {"name": "Can delete comment to post", "content_type": 14, "codename": "delete_commenttopost"}}, {"model": "auth.permission", "pk": 57, "fields": {"name": "Can view comment to post", "content_type": 14, "codename": "view_commenttopost"}}, {"model": "auth.permission", "pk": 58, "fields": {"name": "Can add forum post", "content_type": 15, "codename": "add_forumpost"}}, {"model": "auth.permission", "pk": 59, "fields": {"name": "Can change forum post", "content_type": 15, "codename": "change_forumpost"}}, {"model": "auth.permission", "pk": 60, "fields": {"name": "Can delete forum post", "content_type": 15, "codename": "delete_forumpost"}}, {"model": "auth.permission", "pk": 61, "fields": {"name": "Can view forum post", "content_type": 15, "codename": "view_forumpost"}}, {"model": "auth.permission", "pk": 62, "fields": {"name": "Can add reputation_post", "content_type": 16, "codename": "add_reputation_post"}}, {"model": "auth.permission", "pk": 63, "fields": {"name": "Can change reputation_post", "content_type": 16, "codename": "change_reputation_post"}}, {"model": "auth.permission", "pk": 64, "fields": {"name": "Can delete reputation_post", "content_type": 16, "codename": "delete_reputation_post"}}, {"model": "auth.permission", "pk": 65, "fields": {"name": "Can view reputation_post", "content_type": 16, "codename": "view_reputation_post"}}, {"model": "auth.permission", "pk": 66, "fields": {"name": "Can add comment to post", "content_type": 17, "codename": "add_commenttopost"}}, {"model": "auth.permission", "pk": 67, "fields": {"name": "Can change comment to post", "content_type": 17, "codename": "change_commenttopost"}}, {"model": "auth.permission", "pk": 68, "fields": {"name": "Can delete comment to post", "content_type": 17, "codename": "delete_commenttopost"}}, {"model": "auth.permission", "pk": 69, "fields": {"name": "Can view comment to post", "content_type": 17, "codename": "view_commenttopost"}}, {"model": "auth.permission", "pk": 70, "fields": {"name": "Can add todo", "content_type": 18, "codename": "add_todo"}}, {"model": "auth.permission", "pk": 71, "fields": {"name": "Can change todo", "content_type": 18, "codename": "change_todo"}}, {"model": "auth.permission", "pk": 72, "fields": {"name": "Can delete todo", "content_type": 18, "codename": "delete_todo"}}, {"model": "auth.permission", "pk": 73, "fields": {"name": "Can view todo", "content_type": 18, "codename": "view_todo"}}, {"model": "auth.permission", "pk": 74, "fields": {"name": "Can add user_ profile", "content_type": 19, "codename": "add_user_profile"}}, {"model": "auth.permission", "pk": 75, "fields": {"name": "Can change user_ profile", "content_type": 19, "codename": "change_user_profile"}}, {"model": "auth.permission", "pk": 76, "fields": {"name": "Can delete user_ profile", "content_type": 19, "codename": "delete_user_profile"}}, {"model": "auth.permission", "pk": 77, "fields": {"name": "Can view user_ profile", "content_type": 19, "codename": "view_user_profile"}}, {"model": "auth.permission", "pk": 78, "fields": {"name": "Can add chat", "content_type": 20, "codename": "add_chat"}}, {"model": "auth.permission", "pk": 79, "fields": {"name": "Can change chat", "content_type": 20, "codename": "change_chat"}}, {"model": "auth.permission", "pk": 80, "fields": {"name": "Can delete chat", "content_type": 20, "codename": "delete_chat"}}, {"model": "auth.permission", "pk": 81, "fields": {"name": "Can view chat", "content_type": 20, "codename": "view_chat"}}, {"model": "auth.permission", "pk": 82, "fields": {"name": "Can add chat with", "content_type": 21, "codename": "add_chatwith"}}, {"model": "auth.permission", "pk": 83, "fields": {"name": "Can change chat with", "content_type": 21, "codename": "change_chatwith"}}, {"model": "auth.permission", "pk": 84, "fields": {"name": "Can delete chat with", "content_type": 21, "codename": "delete_chatwith"}}, {"model": "auth.permission", "pk": 85, "fields": {"name": "Can view chat with", "content_type": 21, "codename": "view_chatwith"}}, {"model": "auth.permission", "pk": 86, "fields": {"name": "Can add chat_line", "content_type": 22, "codename": "add_chat_line"}}, {"model": "auth.permission", "pk": 87, "fields": {"name": "Can change chat_line", "content_type": 22, "codename": "change_chat_line"}}, {"model": "auth.permission", "pk": 88, "fields": {"name": "Can delete chat_line", "content_type": 22, "codename": "delete_chat_line"}}, {"model": "auth.permission", "pk": 89, "fields": {"name": "Can view chat_line", "content_type": 22, "codename": "view_chat_line"}}, {"model": "auth.permission", "pk": 90, "fields": {"name": "Can add reputation_user", "content_type": 23, "codename": "add_reputation_user"}}, {"model": "auth.permission", "pk": 91, "fields": {"name": "Can change reputation_user", "content_type": 23, "codename": "change_reputation_user"}}, {"model": "auth.permission", "pk": 92, "fields": {"name": "Can delete reputation_user", "content_type": 23, "codename": "delete_reputation_user"}}, {"model": "auth.permission", "pk": 93, "fields": {"name": "Can view reputation_user", "content_type": 23, "codename": "view_reputation_user"}}, {"model": "auth.permission", "pk": 94, "fields": {"name": "Can add article", "content_type": 24, "codename": "add_article"}}, {"model": "auth.permission", "pk": 95, "fields": {"name": "Can change article", "content_type": 24, "codename": "change_article"}}, {"model": "auth.permission", "pk": 96, "fields": {"name": "Can delete article", "content_type": 24, "codename": "delete_article"}}, {"model": "auth.permission", "pk": 97, "fields": {"name": "Can view article", "content_type": 24, "codename": "view_article"}}, {"model": "auth.user", "pk": 1, "fields": {"password": "pbkdf2_sha256$600000$tHS4bDaJmy23hnpUmB8I76$OoUq1XUw2+JMiIeUd6qx6UGfjCyoM0+tI98ulTCvQjQ=", "last_login": "2024-11-03T12:53:49Z", "is_superuser": true, "username": "alex", "first_name": "", "last_name": "", "email": "admin@email.com", "is_staff": true, "is_active": true, "date_joined": "2021-07-21T05:31:36Z", "groups": [], "user_permissions": []}}, {"model": "auth.user", "pk": 2, "fields": {"password": "pbkdf2_sha256$600000$swEj11G5JblQ1IfA9hDUwg$VB0V5ZBlRiR5AMpK/3Nz1XvlVOPtVj2kOhgO+fY36sk=", "last_login": "2021-08-03T07:55:12.794Z", "is_superuser": false, "username": "somebody", "first_name": "", "last_name": "", "email": "somebody@gmail.com", "is_staff": false, "is_active": true, "date_joined": "2021-07-30T13:41:20.790Z", "groups": [], "user_permissions": []}}, {"model": "auth.user", "pk": 6, "fields": {"password": "pbkdf2_sha256$600000$WD07S7VvE6zofoyQ5dLDD1$kP9O8oYiH7WTCZyvThfFcU2j4F4fTOgBOIyjSdnlX3c=", "last_login": "2021-07-30T15:31:19.185Z", "is_superuser": false, "username": "John", "first_name": "", "last_name": "", "email": "john@jonas.com", "is_staff": false, "is_active": true, "date_joined": "2021-07-30T14:28:01.177Z", "groups": [], "user_permissions": []}}, {"model": "auth.user", "pk": 7, "fields": {"password": "pbkdf2_sha256$600000$uwYG5q8LkYLrZXmbbjwvsb$DPCPwHsol6Lg6KLGiUSSUefGIQFAtS1N4R/nzgdW8vI=", "last_login": "2021-07-30T15:28:20.141Z", "is_superuser": false, "username": "Volt", "first_name": "", "last_name": "", "email": "volt@gmail.com", "is_staff": false, "is_active": true, "date_joined": "2021-07-30T14:29:59.203Z", "groups": [], "user_permissions": []}}, {"model": "auth.user", "pk": 8, "fields": {"password": "pbkdf2_sha256$600000$lgXplVfzILO8agdNWBuQSE$tAwXu0GdimhLyEbrXq4HZlw2OuuaiVe7LQRCrQ3l+wI=", "last_login": "2021-07-30T15:24:07.747Z", "is_superuser": false, "username": "Anna", "first_name": "", "last_name": "", "email": "anna@email.com", "is_staff": false, "is_active": true, "date_joined": "2021-07-30T14:33:40.651Z", "groups": [], "user_permissions": []}}, {"model": "auth.user", "pk": 9, "fields": {"password": "pbkdf2_sha256$600000$n63KoHw8ack51vl0C8MNpH$Jt93/qVgDmpsCKOco73DSVewuOJ6rISluT3hUHV+YLo=", "last_login": "2021-07-30T14:35:58.690Z", "is_superuser": false, "username": "hater", "first_name": "", "last_name": "", "email": "hater@gmail.com", "is_staff": false, "is_active": true, "date_joined": "2021-07-30T14:35:57.087Z", "groups": [], "user_permissions": []}}, {"model": "auth.user", "pk": 10, "fields": {"password": "pbkdf2_sha256$600000$1KvdGMnJND3EzTzMeeJzf7$6Ypbol24vf3KjfGX02pAGEiAzWJ8r0G0j9WdH7/OcvQ=", "last_login": "2021-07-30T14:37:54.097Z", "is_superuser": false, "username": "Standard", "first_name": "", "last_name": "", "email": "std@std.com", "is_staff": false, "is_active": true, "date_joined": "2021-07-30T14:37:52.490Z", "groups": [], "user_permissions": []}}, {"model": "auth.user", "pk": 11, "fields": {"password": "pbkdf2_sha256$600000$l7WaP9r99uHXxwsGumHkkd$y/pVIHWoZHiofz+njp3Yeiab21KAywMJ10iSGe1eG8k=", "last_login": "2021-07-30T14:40:08.050Z", "is_superuser": false, "username": "Robo_Gerold", "first_name": "", "last_name": "", "email": "robot@gmail.com", "is_staff": false, "is_active": true, "date_joined": "2021-07-30T14:40:06.375Z", "groups": [], "user_permissions": []}}, {"model": "auth.user", "pk": 12, "fields": {"password": "pbkdf2_sha256$600000$VVMLiCmAjnan6tZxL9NCg8$yRT/w0/ixpJs+VRibhJFbpXntyOr271Q65X2DUwzygs=", "last_login": "2021-07-30T15:32:44.519Z", "is_superuser": false, "username": "Monika", "first_name": "", "last_name": "", "email": "moni@gmail.com", "is_staff": false, "is_active": true, "date_joined": "2021-07-30T15:32:42.913Z", "groups": [], "user_permissions": []}}, {"model": "auth.user", "pk": 13, "fields": {"password": "pbkdf2_sha256$600000$N3V4cYUWJFF13Z0NcQkSSZ$P1oncGFJO5eshww7SMMidJSiico6TVizGJfGzBrlIHI=", "last_login": "2021-07-30T15:35:46.715Z", "is_superuser": false, "username": "storm+rain", "first_name": "", "last_name": "", "email": "storm@gmail.com", "is_staff": false, "is_active": true, "date_joined": "2021-07-30T15:35:45.038Z", "groups": [], "user_permissions": []}}, {"model": "auth.user", "pk": 14, "fields": {"password": "pbkdf2_sha256$600000$hwo8Ki7f3hKrYA83vSvmek$HTlvsd4coMw0eFBVJUN6lDLFz0rQaLa5OyRDw1MVuco=", "last_login": "2021-07-30T15:37:34.974Z", "is_superuser": false, "username": "Bob", "first_name": "", "last_name": "", "email": "bob@obo.bob", "is_staff": false, "is_active": true, "date_joined": "2021-07-30T15:37:33.436Z", "groups": [], "user_permissions": []}}, {"model": "auth.user", "pk": 19, "fields": {"password": "pbkdf2_sha256$600000$vcjAxPazpdIth0T5jLjlBJ$BqE4PlICR2RrVBOQtro7dSdk1/ni/zUcSwDlm6U3DQw=", "last_login": "2024-11-03T07:48:07.203Z", "is_superuser": false, "username": "Meditator", "first_name": "", "last_name": "", "email": "pirat@gmail.com", "is_staff": false, "is_active": true, "date_joined": "2024-11-03T07:48:06.196Z", "groups": [], "user_permissions": []}}, {"model": "contenttypes.contenttype", "pk": 1, "fields": {"app_label": "admin", "model": "logentry"}}, {"model": "contenttypes.contenttype", "pk": 2, "fields": {"app_label": "auth", "model": "permission"}}, {"model": "contenttypes.contenttype", "pk": 3, "fields": {"app_label": "auth", "model": "group"}}, {"model": "contenttypes.contenttype", "pk": 4, "fields": {"app_label": "auth", "model": "user"}}, {"model": "contenttypes.contenttype", "pk": 5, "fields": {"app_label": "contenttypes", "model": "contenttype"}}, {"model": "contenttypes.contenttype", "pk": 6, "fields": {"app_label": "sessions", "model": "session"}}, {"model": "contenttypes.contenttype", "pk": 7, "fields": {"app_label": "taggit", "model": "tag"}}, {"model": "contenttypes.contenttype", "pk": 8, "fields": {"app_label": "taggit", "model": "taggeditem"}}, {"model": "contenttypes.contenttype", "pk": 9, "fields": {"app_label": "django_admin_filter", "model": "filterquery"}}, {"model": "contenttypes.contenttype", "pk": 10, "fields": {"app_label": "captcha", "model": "captchastore"}}, {"model": "contenttypes.contenttype", "pk": 11, "fields": {"app_label": "mainapp", "model": "contactemail"}}, {"model": "contenttypes.contenttype", "pk": 12, "fields": {"app_label": "mainapp", "model": "post"}}, {"model": "contenttypes.contenttype", "pk": 13, "fields": {"app_label": "mainapp", "model": "securityemailmessage"}}, {"model": "contenttypes.contenttype", "pk": 14, "fields": {"app_label": "mainapp", "model": "commenttopost"}}, {"model": "contenttypes.contenttype", "pk": 15, "fields": {"app_label": "forum", "model": "forumpost"}}, {"model": "contenttypes.contenttype", "pk": 16, "fields": {"app_label": "forum", "model": "reputation_post"}}, {"model": "contenttypes.contenttype", "pk": 17, "fields": {"app_label": "forum", "model": "commenttopost"}}, {"model": "contenttypes.contenttype", "pk": 18, "fields": {"app_label": "todo", "model": "todo"}}, {"model": "contenttypes.contenttype", "pk": 19, "fields": {"app_label": "authentication", "model": "user_profile"}}, {"model": "contenttypes.contenttype", "pk": 20, "fields": {"app_label": "chat", "model": "chat"}}, {"model": "contenttypes.contenttype", "pk": 21, "fields": {"app_label": "chat", "model": "chatwith"}}, {"model": "contenttypes.contenttype", "pk": 22, "fields": {"app_label": "chat", "model": "chat_line"}}, {"model": "contenttypes.contenttype", "pk": 23, "fields": {"app_label": "authentication", "model": "reputation_user"}}, {"model": "contenttypes.contenttype", "pk": 24, "fields": {"app_label": "mainapp", "model": "article"}}, {"model": "sessions.session", "pk": "02t8y4vx1g9spxaou081cn4s8hzjtnew", "fields": {"session_data": "e30:1m9Sqp:HmaDYd95jSoHjHFU1PsiJ8nescLfOHP-weqik_bMtn0", "expire_date": "2021-08-13T13:46:59.246Z"}}, {"model": "sessions.session", "pk": "1ito0bam1tbw4stmz05tp5bvey5r94l8", "fields": {"session_data": ".eJxVjDsOwjAQBe_iGllrJf5ASc8ZrN31GgeQLcVJFXF3iJQC2jczb1MR16XEtcscp6QuyqjT70bIT6k7SA-s96a51WWeSO-KPmjXt5bkdT3cv4OCvXxr4SFkBp-FcLTZcLAmEBk3YrZyzkQo3rkxkGAABGc4O_DWIQwAntT7AxIjOIU:1t7aNy:AVqrPfNpC5CMmyb45Wj7RNelllUGUcyZLGtU-hb_N1o", "expire_date": "2024-11-17T13:11:18.458Z"}}, {"model": "sessions.session", "pk": "5crwno3wm9rm41uasbd34hrptk0omz0i", "fields": {"session_data": ".eJxVi8sKwjAQRf8laymZPKaNS8HvCJPJlAS1gklX4r_bQhe6vOfc81aR1l7i2uQVa1ZnBer0yxLxTZZd7EyWXpl6fS7DIdpwfVC9X47bX1uolS30QuhwclkzirVJO21GCNqIxcDbCAkT28waxjSD1yDgIc8ToqAJqD5fp0A1OQ:1mApl2:TiaSn1mFYf6XtJSLMbWFVTsWCgCtUbvfCc2QSxDGBRo", "expire_date": "2021-08-17T08:26:40.690Z"}}, {"model": "sessions.session", "pk": "6pcye0llk7xkgy7zo8ed6e47s6qqff55", "fields": {"session_data": ".eJxVi8sKwjAQRf8laymZPKaNS8HvCJPJlAS1gklX4r_bQhe6vOfc81aR1l7i2uQVa1ZnBer0yxLxTZZd7EyWXpl6fS7DIdpwfVC9X47bX1uolS30QuhwclkzirVJO21GCNqIxcDbCAkT28waxjSD1yDgIc8ToqAJqD5fp0A1OQ:1m9RI6:XOgxqxSj5wwuvwnr6YSTKuQ03JHvVhR_cDi4Ct88kMY", "expire_date": "2021-08-13T12:07:02.383Z"}}, {"model": "sessions.session", "pk": "myoe1v19hkgbsanqd3bz5zri442w3v90", "fields": {"session_data": "e30:1m9SlN:Z1Wa8lNA3g2mC8LOEIjDywdz3Ggdss13unqB-0z4mFA", "expire_date": "2021-08-13T13:41:21.794Z"}}, {"model": "sessions.session", "pk": "nqcn1ezg79tcex5u2nq15kc02pf3gln6", "fields": {"session_data": ".eJxVi0sOwiAQQO_C2jSUYXBwadJzkGGggag1Eboy3t026UK37_NWgddewtryK9SkLmr06vQLI8stL7vZWV56Fe71uQyHaMP04Hq_HtnfW7iVbYwEs4MzImGaSQiizwwUiSWN7KwTZ7xngyCsrUWRTWkQ1MZab1h9vvNKNkA:1t7VLD:Kf04zqt6N86KHem6Tdb8Xiuh2xFqDUyCc5mCS3trk0Q", "expire_date": "2024-11-17T07:48:07.268Z"}}, {"model": "sessions.session", "pk": "tasvqx1z1pypumu7t3nrdbqpi8tsls5b", "fields": {"session_data": ".eJxVizEOwjAMRe-SGVVJE1OXEYlzRHZqKxEQJNJOiLtDpA4w_OW9_14m0rbmuDV5xrKYk3FgDr-QKV2ldtOZ1LUkWsujDrtow-VO5Xbeb39tppZ7mASdwmR1VA1shci72SEgHC1pAODZU1AdvZL9jkEmZFL0mBYO5v0BCMU3WA:1n6e7D:G53v8QSgXMXkVkk_rMATpyBKNPkxKXRg-yPNjVprxXo", "expire_date": "2022-01-23T19:44:31.623Z"}}, {"model": "taggit.tag", "pk": 1, "fields": {"name": "qustion", "slug": "qustion"}}, {"model": "taggit.tag", "pk": 2, "fields": {"name": "red or blue?", "slug": "red-or-blue"}}, {"model": "taggit.tag", "pk": 3, "fields": {"name": "loser or winner?", "slug": "loser-or-winner"}}, {"model": "taggit.tag", "pk": 4, "fields": {"name": "important info", "slug": "important-info"}}, {"model": "taggit.tag", "pk": 5, "fields": {"name": "important", "slug": "important"}}, {"model": "taggit.tag", "pk": 6, "fields": {"name": "info", "slug": "info"}}, {"model": "taggit.tag", "pk": 7, "fields": {"name": "first tag", "slug": "first-tag"}}, {"model": "taggit.tag", "pk": 8, "fields": {"name": "second tag", "slug": "second-tag"}}, {"model": "taggit.tag", "pk": 9, "fields": {"name": "third tag", "slug": "third-tag"}}, {"model": "taggit.tag", "pk": 10, "fields": {"name": "asgas", "slug": "asgas"}}, {"model": "taggit.tag", "pk": 11, "fields": {"name": "good", "slug": "good"}}, {"model": "taggit.tag", "pk": 12, "fields": {"name": "do stuff", "slug": "do-stuff"}}, {"model": "taggit.tag", "pk": 13, "fields": {"name": "question", "slug": "question"}}, {"model": "taggit.tag", "pk": 14, "fields": {"name": "begreat", "slug": "begreat"}}, {"model": "taggit.tag", "pk": 15, "fields": {"name": "tellothertrue", "slug": "tellothertrue"}}, {"model": "taggit.tag", "pk": 16, "fields": {"name": "truestory", "slug": "truestory"}}, {"model": "taggit.taggeditem", "pk": 7, "fields": {"tag": 8, "content_type": 15, "object_id": 4}}, {"model": "taggit.taggeditem", "pk": 8, "fields": {"tag": 9, "content_type": 15, "object_id": 4}}, {"model": "taggit.taggeditem", "pk": 9, "fields": {"tag": 7, "content_type": 15, "object_id": 4}}, {"model": "taggit.taggeditem", "pk": 11, "fields": {"tag": 11, "content_type": 15, "object_id": 6}}, {"model": "taggit.taggeditem", "pk": 12, "fields": {"tag": 12, "content_type": 15, "object_id": 6}}, {"model": "taggit.taggeditem", "pk": 13, "fields": {"tag": 13, "content_type": 15, "object_id": 6}}, {"model": "taggit.taggeditem", "pk": 14, "fields": {"tag": 14, "content_type": 15, "object_id": 7}}, {"model": "taggit.taggeditem", "pk": 15, "fields": {"tag": 15, "content_type": 15, "object_id": 7}}, {"model": "taggit.taggeditem", "pk": 16, "fields": {"tag": 16, "content_type": 15, "object_id": 7}}, {"model": "captcha.captchastore", "pk": 6, "fields": {"challenge": "MCXF", "response": "mcxf", "hashkey": "864d40e738e084502e6be2eb36e61d8ba4b7b2dd", "expiration": "2021-08-01T15:09:38.819Z"}}, {"model": "captcha.captchastore", "pk": 7, "fields": {"challenge": "DMQD", "response": "dmqd", "hashkey": "11eef6e92dfac030c5690252d7344499dd8f82e2", "expiration": "2021-08-03T06:58:35.405Z"}}, {"model": "captcha.captchastore", "pk": 8, "fields": {"challenge": "UWDK", "response": "uwdk", "hashkey": "fa0101c018a36cb094192bf4f6f2e14c742666a7", "expiration": "2021-08-03T08:14:04.866Z"}}, {"model": "captcha.captchastore", "pk": 9, "fields": {"challenge": "JTMO", "response": "jtmo", "hashkey": "406fe7333f96506cfc0f0b720a0a9e7020e964f7", "expiration": "2021-08-03T08:14:12.764Z"}}, {"model": "captcha.captchastore", "pk": 10, "fields": {"challenge": "SIWO", "response": "siwo", "hashkey": "a553454e7ec890d3f5d4fc5bd1f544366e8627fd", "expiration": "2024-10-30T18:04:10.227Z"}}, {"model": "captcha.captchastore", "pk": 11, "fields": {"challenge": "VNSW", "response": "vnsw", "hashkey": "957d75c5ace25f84c8f127a8ea38937caca53d44", "expiration": "2024-11-03T07:07:37.358Z"}}, {"model": "captcha.captchastore", "pk": 12, "fields": {"challenge": "FVJR", "response": "fvjr", "hashkey": "2e1e846f0790db025c5d3c414fa4b5aa39f3417f", "expiration": "2024-11-03T07:51:24.693Z"}}, {"model": "captcha.captchastore", "pk": 13, "fields": {"challenge": "VQMG", "response": "vqmg", "hashkey": "2b79cafa85b836b37e3fc81f56679fab47fdf684", "expiration": "2024-11-03T07:55:58.436Z"}}, {"model": "captcha.captchastore", "pk": 14, "fields": {"challenge": "FNDT", "response": "fndt", "hashkey": "f8e26be32b714106c40129715f329e526cc65c59", "expiration": "2024-11-03T07:56:14.569Z"}}, {"model": "captcha.captchastore", "pk": 15, "fields": {"challenge": "BIVM", "response": "bivm", "hashkey": "fe928f6e3e05ddf44df2ecb43becd4ae9eb9010e", "expiration": "2024-11-03T08:08:21.017Z"}}, {"model": "captcha.captchastore", "pk": 16, "fields": {"challenge": "UCEM", "response": "ucem", "hashkey": "bcad10c167ebef8261311712ea43bc14f14c5d10", "expiration": "2024-11-03T08:08:40.102Z"}}, {"model": "captcha.captchastore", "pk": 17, "fields": {"challenge": "PWVE", "response": "pwve", "hashkey": "36857fc3341404e102a22a38317711e945ceaca6", "expiration": "2024-11-03T09:59:50.935Z"}}, {"model": "captcha.captchastore", "pk": 18, "fields": {"challenge": "CFRF", "response": "cfrf", "hashkey": "accf43a70e68e0b3e6c161de32e59c4c2673b51a", "expiration": "2024-11-03T10:04:38.931Z"}}, {"model": "captcha.captchastore", "pk": 19, "fields": {"challenge": "ECPF", "response": "ecpf", "hashkey": "5db01c72a5ee482c668960d56cfa89ba6c49a5c3", "expiration": "2024-11-03T10:06:49.029Z"}}, {"model": "captcha.captchastore", "pk": 20, "fields": {"challenge": "TXYW", "response": "txyw", "hashkey": "4eae73801479a2cf78a8f7a67de8785d0f92c963", "expiration": "2024-11-03T10:06:59.538Z"}}, {"model": "captcha.captchastore", "pk": 21, "fields": {"challenge": "QIGA", "response": "qiga", "hashkey": "23e95257dd5194f633510316611c41ede402176c", "expiration": "2024-11-03T10:18:01.588Z"}}, {"model": "captcha.captchastore", "pk": 22, "fields": {"challenge": "VHLY", "response": "vhly", "hashkey": "f1a085628fff3b6a7fdbb8e792ae586dfd0fffa4", "expiration": "2024-11-03T10:19:16.589Z"}}, {"model": "mainapp.post", "pk": 1, "fields": {"name": "We are opened for you", "text": "<p>Pellentesque nec augue quis nisi consectetur faucibus. In hac habitasse platea dictumst. Nulla odio enim, hendrerit sit amet ultricies id, bibendum sed orci. Praesent vitae viverra velit. Sed consequat, leo vitae facilisis pretium, purus nunc laoreet ligula, a scelerisque erat est at erat. Mauris et turpis at lacus tincidunt semper a eu est. Nullam a bibendum nulla.</p>", "preview_text": "Try our new newsettler", "date_created": "2021-07-21T05:43:55.891Z", "preview_picture": "dollar-gill-0V7_N62zZcU-unsplash.jpg"}}, {"model": "mainapp.post", "pk": 2, "fields": {"name": "Todo list", "text": "<p>Yeah, There are not that many thing remain to do</p>", "preview_text": "View our new post", "date_created": "2021-07-30T14:12:31.935Z", "preview_picture": "lala-azizli-tfNyTfJpKvc-unsplash.jpg"}}, {"model": "mainapp.post", "pk": 3, "fields": {"name": "Car for sale", "text": "<p>Please buy it</p>\r\n\r\n<p>Lorem ipsum dolor sit amet, consectetur adipiscing elit. Integer viverra tristique nisl a malesuada. Aliquam erat volutpat. Vestibulum scelerisque sollicitudin luctus. Fusce scelerisque ullamcorper odio vehicula ornare. Morbi eget condimentum sapien. Duis quis quam eget nulla euismod laoreet eget vel ipsum. Duis vitae urna ipsum. Praesent semper varius auctor. Sed posuere metus augue, non facilisis nulla rhoncus in. Fusce arcu orci, porta id volutpat vel, pellentesque a ipsum. Duis magna massa, iaculis sed erat aliquam, faucibus bibendum libero. Duis eu facilisis eros.</p>", "preview_text": "20 % off", "date_created": "2021-07-30T15:42:24.339Z", "preview_picture": "dhiva-krishna-X16zXcbxU4U-unsplash.jpg"}}, {"model": "mainapp.contactemail", "pk": 1, "fields": {"email": "dsaf@fasdf.com", "subject": "fads", "text": "awgegwag", "date_sent": "2021-07-30T12:50:22.402Z"}}, {"model": "mainapp.contactemail", "pk": 2, "fields": {"email": "Libomur@gmail.com", "subject": "Mine favourite", "text": "I'd like to be your favourite supporter of this idea overhere", "date_sent": "2021-08-01T14:22:53.738Z"}}, {"model": "mainapp.securityemailmessage", "pk": 1, "fields": {"email": "fsda@fasdf.com", "subject": "fas;fgjawg", "topic": "Suggestions", "text": "<p>awewaegwgwaghwag</p>", "date_sent": "2021-07-30T12:51:13.900Z"}}, {"model": "mainapp.securityemailmessage", "pk": 2, "fields": {"email": "somebody@gmail.com", "subject": "useful report issue", "topic": "Help", "text": "<p>With this bug, I cannot continue</p>", "date_sent": "2021-08-01T15:03:12.594Z"}}, {"model": "forum.forumpost", "pk": 4, "fields": {"user": 1, "name": "Example", "topic": "Discussion", "content": "<p><u>My new discussion</u></p>\r\n\r\n<p>Donec sollicitudin semper risus, sit amet pharetra sem pretium quis. Aenean ut quam euismod, volutpat quam in, pulvinar augue. Suspendisse vitae volutpat elit. Pellentesque iaculis dui vitae ipsum facilisis, sit amet tincidunt velit ultricies. Duis sapien nisi, sagittis a sagittis ac, fermentum aliquam ligula. Morbi tincidunt accumsan ligula vitae volutpat. Suspendisse lobortis nibh quis mi eleifend, sit amet tincidunt dolor venenatis.</p>\r\n\r\n<p><u>Donec molestie</u>, ante vel varius facilisis, mi ligula mollis urna, quis blandit elit ipsum eu lorem. Suspendisse non ex magna. Suspendisse ultricies aliquam mollis. Maecenas interdum ullamcorper interdum. Cras interdum, quam at varius mollis, nisl neque maximus quam, vel blandit massa dui ac tellus. Nullam risus orci, efficitur ullamcorper neque tincidunt, porttitor suscipit tortor. In ultrices in purus ac tincidunt. Aenean id lorem at tortor finibus congue et sit amet urna. Vivamus ac dapibus ex. Curabitur sollicitudin mi suscipit ex auctor, a volutpat risus bibendum. Nullam pulvinar dui nunc, vel finibus quam vulputate eu. Mauris et nisi ac ex suscipit scelerisque. Lorem ipsum dolor sit amet, consectetur adipiscing elit. <s>Morbi tempor</s> metus pellentesque elit fringilla, sed cursus purus venenatis.</p>", "date_created": "2021-07-30T14:23:08.058Z", "post_reputation": 8, "people_voted": 10}}, {"model": "forum.forumpost", "pk": 6, "fields": {"user": 2, "name": "My first post here", "topic": "Question", "content": "<p>usce sed semper dui. In sit amet porta lacus. Nunc et imperdiet magna, a dignissim justo. Cras porta vulputate nisl, quis congue turpis condimentum a. Maecenas eget nulla volutpat, finibus velit nec, accumsan ipsum. Ut condimentum urna leo, vel consequat mi molestie sit amet. Morbi malesuada diam sem, ut commodo elit efficitur vitae. Integer lobortis nibh at dapibus rhoncus. Ut non sodales neque, ac aliquet lacus. Nulla pharetra pretium tellus, eget gravida turpis feugiat ac. Fusce et tristique urna. Vivamus ac elementum dui. Aenean mollis urna et lectus fringilla, in gravida diam tincidunt. Aenean quis pharetra odio.</p>\r\n\r\n<p>Proin viverra dictum ex. Ut maximus tincidunt libero, et elementum eros. Lorem ipsum dolor sit amet, consectetur adipiscing elit. Suspendisse et lobortis urna. Nullam viverra lectus dui, sed porttitor nisi elementum id. In hac habitasse platea dictumst. Nulla ac ultrices purus.</p>\r\n\r\n<p>Donec eu laoreet magna. Morbi at consequat enim, non varius dui. Integer porta vehicula consectetur. Aliquam erat volutpat. Nulla orci tellus, semper in eros et, blandit ultrices arcu. Cras accumsan, tellus non pharetra volutpat, arcu sapien tincidunt enim, at congue eros turpis et tellus. Morbi ut bibendum lorem. Proin a lorem vitae enim fermentum accumsan dapibus non metus. Phasellus ac dolor eleifend, egestas felis nec, luctus dolor. Suspendisse vitae congue felis. Curabitur non sem malesuada, elementum odio nec, laoreet enim. Pellentesque a lacus facilisis, pulvinar lectus rutrum, pharetra massa. Nullam suscipit, nisi eu porta tristique, tellus massa auctor enim, non vehicula leo justo in sapien. Sed malesuada vel dui in euismod. Suspendisse potenti.</p>\r\n\r\n<p>Curabitur elementum semper dui, non aliquam velit cursus a. Duis vestibulum, velit pellentesque dictum rhoncus, justo ex tempor nisi, mollis pretium diam lectus vel ipsum. Pellentesque euismod ipsum odio, id pretium ligula porttitor eget. Pellentesque nibh mauris, tempus quis imperdiet sit amet, sagittis et tortor. Donec tristique erat at dolor posuere blandit. Aliquam maximus dictum sapien, quis pretium est faucibus ut. Cras sed congue dolor. Nunc efficitur, ex vitae lobortis congue, justo lacus volutpat massa, ac luctus dolor sapien ac augue. Donec consectetur purus sit amet sagittis efficitur. Proin ligula lacus, dictum at nunc ac, interdum cursus tellus. Interdum et malesuada fames ac ante ipsum primis in faucibus. Sed quis ipsum quam.</p>\r\n\r\n<p>In placerat, massa non elementum lobortis, erat ipsum laoreet massa, vitae facilisis augue metus in mi. In sit amet eros libero. In eget consectetur nisl, vitae sodales mauris. Phasellus vel dapibus leo, quis placerat nibh. Donec finibus faucibus dictum. Maecenas facilisis turpis ut feugiat feugiat. Suspendisse vulputate eget augue vitae dapibus. Aliquam vulputate tincidunt nisl eget mattis. Integer blandit dolor metus, vitae convallis nunc pulvinar sit amet. Pellentesque commodo lacus tellus, sit amet laoreet risus tristique non. Nam ipsum elit, facilisis ac risus quis, facilisis accumsan orci. Phasellus lobortis consequat vestibulum.</p>\r\n\r\n<p>Mauris id vestibulum felis. Praesent est velit, cursus et erat a, rhoncus egestas orci. Cras nisi dolor, convallis a cursus ac, scelerisque eget nunc. Fusce eros lacus, aliquet id erat vitae, lacinia tincidunt metus. Phasellus ligula ipsum, maximus et iaculis non, posuere in justo. Nulla convallis lectus a purus commodo, ac scelerisque enim sodales. Sed eget ante nec magna imperdiet finibus. Maecenas dignissim maximus faucibus. Quisque non erat elementum, tempor quam quis, dapibus velit. Nunc non felis egestas, ullamcorper justo et, lacinia tortor. In diam enim, luctus eu nulla ut, lacinia rutrum ante. Vivamus enim eros, porta eu tristique et, venenatis at neque.</p>", "date_created": "2021-08-03T08:25:43.793Z", "post_reputation": 1, "people_voted": 1}}, {"model": "forum.forumpost", "pk": 7, "fields": {"user": 19, "name": "New post for me", "topic": "Other", "content": "<p>One day I was in new republic of ZIVALI.</p>\r\n\r\n<p>&nbsp;</p>\r\n\r\n<p>They were friendly, but let me only have one room. It was sad. I bought a house there and they, dye to their tradition, stolen it from me.</p>\r\n\r\n<p>&nbsp;</p>\r\n\r\n<p>No I am living in Czechia and trying to make a living using snakes...</p>\r\n\r\n<p>&nbsp;</p>\r\n\r\n<p><img alt=\"\" src=\"/media/uploads/2024/11/03/meditation_7912377858.jpg\" style=\"height:485px; width:728px\" /></p>", "date_created": "2024-11-03T07:58:04.078Z", "post_reputation": 2, "people_voted": 2}}, {"model": "forum.commenttopost", "pk": 8, "fields": {"user": 1, "post": 4, "text": "I'm first", "date_created": "2021-07-30T14:23:34.503Z"}}, {"model": "forum.commenttopost", "pk": 9, "fields": {"user": 6, "post": 4, "text": "Cool post, great work :)", "date_created": "2021-07-30T14:28:48.535Z"}}, {"model": "forum.commenttopost", "pk": 10, "fields": {"user": 7, "post": 4, "text": "I put my finger up!", "date_created": "2021-07-30T14:32:01.226Z"}}, {"model": "forum.commenttopost", "pk": 11, "fields": {"user": 8, "post": 4, "text": "What a great post boys!", "date_created": "2021-07-30T14:35:13.722Z"}}, {"model": "forum.commenttopost", "pk": 12, "fields": {"user": 9, "post": 4, "text": "I hate it!", "date_created": "2021-07-30T14:36:15.964Z"}}, {"model": "forum.commenttopost", "pk": 13, "fields": {"user": 1, "post": 4, "text": "Well... No one asked you!", "date_created": "2021-07-30T14:37:13.120Z"}}, {"model": "forum.commenttopost", "pk": 14, "fields": {"user": 10, "post": 4, "text": "Standard message...", "date_created": "2021-07-30T14:38:15.951Z"}}, {"model": "forum.commenttopost", "pk": 15, "fields": {"user": 11, "post": 4, "text": "Beep... Beep... Beep... I like it... Beep... Beep... Beep", "date_created": "2021-07-30T14:40:54.196Z"}}, {"model": "forum.commenttopost", "pk": 16, "fields": {"user": 12, "post": 4, "text": "What a nice day outside!", "date_created": "2021-07-30T15:33:10.502Z"}}, {"model": "forum.commenttopost", "pk": 17, "fields": {"user": 13, "post": 4, "text": "No", "date_created": "2021-07-30T15:36:32.967Z"}}, {"model": "forum.commenttopost", "pk": 18, "fields": {"user": 14, "post": 4, "text": "I agree with Monika", "date_created": "2021-07-30T15:37:56.998Z"}}, {"model": "forum.commenttopost", "pk": 19, "fields": {"user": 1, "post": 4, "text": "Second post is coming soon... I mean it is true!", "date_created": "2021-07-30T15:39:34.341Z"}}, {"model": "forum.commenttopost", "pk": 27, "fields": {"user": 2, "post": 6, "text": "Alright boys, My first post here", "date_created": "2021-08-03T08:26:23.948Z"}}, {"model": "forum.commenttopost", "pk": 28, "fields": {"user": 1, "post": 6, "text": "Yeah? Is that really your first post? OMG", "date_created": "2021-08-03T08:27:24.384Z"}}, {"model": "forum.commenttopost", "pk": 30, "fields": {"user": 19, "post": 7, "text": "This is my new post and I am really proud of it!", "date_created": "2024-11-03T07:59:26.919Z"}}, {"model": "forum.reputation_post", "pk": 7, "fields": {"user": 7, "post": 4, "reputation": 1}}, {"model": "forum.reputation_post", "pk": 8, "fields": {"user": 8, "post": 4, "reputation": 1}}, {"model": "forum.reputation_post", "pk": 9, "fields": {"user": 9, "post": 4, "reputation": -1}}, {"model": "forum.reputation_post", "pk": 10, "fields": {"user": 1, "post": 4, "reputation": 1}}, {"model": "forum.reputation_post", "pk": 11, "fields": {"user": 10, "post": 4, "reputation": 1}}, {"model": "forum.reputation_post", "pk": 12, "fields": {"user": 11, "post": 4, "reputation": 1}}, {"model": "forum.reputation_post", "pk": 13, "fields": {"user": 12, "post": 4, "reputation": 1}}, {"model": "forum.reputation_post", "pk": 14, "fields": {"user": 13, "post": 4, "reputation": 1}}, {"model": "forum.reputation_post", "pk": 15, "fields": {"user": 2, "post": 4, "reputation": 1}}, {"model": "forum.reputation_post", "pk": 16, "fields": {"user": 1, "post": 6, "reputation": 1}}, {"model": "forum.reputation_post", "pk": 18, "fields": {"user": 19, "post": 4, "reputation": 0}}, {"model": "forum.reputation_post", "pk": 19, "fields": {"user": 19, "post": 7, "reputation": 1}}, {"model": "forum.reputation_post", "pk": 20, "fields": {"user": 1, "post": 7, "reputation": 1}}, {"model": "authentication.user_profile", "pk": 1, "fields": {"user": 1, "date_of_birth": null, "gender": null, "profile_picture": "alex_without_ushank.jpg", "description": "", "reputation": 0, "opinion_posts": []}}, {"model": "authentication.user_profile", "pk": 2, "fields": {"user": 2, "date_of_birth": null, "gender": null, "profile_picture": "caleb-ekeroth-wSBQFWF77lI-unsplash.jpg", "description": "", "reputation": 0, "opinion_posts": []}}, {"model": "authentication.user_profile", "pk": 6, "fields": {"user": 6, "date_of_birth": null, "gender": null, "profile_picture": "justus-menke-s2OisyY9YGU-unsplash.jpg", "description": "", "reputation": 0, "opinion_posts": []}}, {"model": "authentication.user_profile", "pk": 7, "fields": {"user": 7, "date_of_birth": null, "gender": null, "profile_picture": "albert-dera-ILip77SbmOE-unsplash.jpg", "description": "", "reputation": 0, "opinion_posts": []}}, {"model": "authentication.user_profile", "pk": 8, "fields": {"user": 8, "date_of_birth": null, "gender": null, "profile_picture": "david-balev-iXUlAB0HwQM-unsplash.jpg", "description": "The best girl ever. Having parties all night!", "reputation": 0, "opinion_posts": []}}, {"model": "authentication.user_profile", "pk": 9, "fields": {"user": 9, "date_of_birth": null, "gender": null, "profile_picture": "user_default_images/default_user_picture.png", "description": null, "reputation": -1, "opinion_posts": []}}, {"model": "authentication.user_profile", "pk": 10, "fields": {"user": 10, "date_of_birth": null, "gender": null, "profile_picture": "user_default_images/default_user_picture.png", "description": null, "reputation": -2, "opinion_posts": []}}, {"model": "authentication.user_profile", "pk": 11, "fields": {"user": 11, "date_of_birth": null, "gender": null, "profile_picture": "owen-beard-K21Dn4OVxNw-unsplash.jpg", "description": "", "reputation": 0, "opinion_posts": []}}, {"model": "authentication.user_profile", "pk": 12, "fields": {"user": 12, "date_of_birth": null, "gender": "Female", "profile_picture": "anamnesis33-E3jlJMs3a9Y-unsplash_rYJwxr3.jpg", "description": "", "reputation": 0, "opinion_posts": []}}, {"model": "authentication.user_profile", "pk": 13, "fields": {"user": 13, "date_of_birth": null, "gender": null, "profile_picture": "max-larochelle-uu-Jw5SunYI-unsplash.jpg", "description": "", "reputation": 1, "opinion_posts": []}}, {"model": "authentication.user_profile", "pk": 14, "fields": {"user": 14, "date_of_birth": null, "gender": null, "profile_picture": "mazda-mehrad-1X14S8DFa4Y-unsplash.jpg", "description": "", "reputation": 0, "opinion_posts": []}}, {"model": "authentication.user_profile", "pk": 19, "fields": {"user": 19, "date_of_birth": null, "gender": null, "profile_picture": "Meditation_7912377858.jpg", "description": "", "reputation": 0, "opinion_posts": []}}, {"model": "authentication.reputation_user", "pk": 1, "fields": {"appraiser": 2, "assessed": 1, "reputation": 0}}, {"model": "authentication.reputation_user", "pk": 2, "fields": {"appraiser": 2, "assessed": 14, "reputation": 0}}, {"model": "authentication.reputation_user", "pk": 3, "fields": {"appraiser": 2, "assessed": 13, "reputation": 1}}, {"model": "authentication.reputation_user", "pk": 4, "fields": {"appraiser": 2, "assessed": 10, "reputation": -1}}, {"model": "authentication.reputation_user", "pk": 5, "fields": {"appraiser": 2, "assessed": 9, "reputation": -1}}, {"model": "authentication.reputation_user", "pk": 6, "fields": {"appraiser": 19, "assessed": 10, "reputation": -1}}]